id;name;slug;count
1;naughty tensely frantically;fatally although;14892
2;whether deduction pish;annually;16283
3;murky ew;paltry how;29270
4;coaxingly uh-huh;phooey plus bookend;28450
5;ouch tromp;controvert plus buzzing;26443
6;corrupt;educated warmly;30318
7;minus oof although;norm slowly;15325
8;tennis numeric depute;amongst;15426
9;lashes furthermore;tooth bustling;10957
10;taro;beneath anenst stock;30624
11;curiously;gape gah;31995
12;because;instead or;16549
13;where of;ew keel;13191
14;brr;see uh-huh forager;3765
15;mummify;energetically provision;30297
16;pharmacopoeia for micromanage;stock;23357
17;disloyal overfeed;denitrify energetic;1953
18;far ouch busily;ramp hence standard;14278
19;gee;including ah;16172
20;mid;pleasing onto;19224
21;justly reword;outrank icy;9329
22;divine barring;afore;16364
23;tremendously;roughly militate;28668
24;indeed aboard pushy;glider tightly;16864
25;transcend strategy huzzah;shush as dramatic;22513
26;cosset;whose partially;19283
27;lean;drive;8271
28;mousse if promise;spectacles merge factorize;6132
29;yowza geez how;loftily pale;30373
30;overplay because alligator;ick;1027
