id;title;slug;excerpt;content;status;featured_image_url;created_at;updated_at
1;place utterly;sleepy brr;../fake-data/blob/hipster.txt;../fake-data/blob/hipster.txt;above junior;../fake-data/blob/hipster.txt;2026-09-29T12:58:32;2026-09-29T17:57:16
2;across tricky;vaguely honesty whup;../fake-data/blob/hipster.txt;../fake-data/blob/hipster.txt;yahoo than supposing;../fake-data/blob/hipster.txt;2026-09-30T02:20:55;2026-09-29T19:49:39
3;but famously mythology;personal whereas serpentine;../fake-data/blob/hipster.txt;../fake-data/blob/hipster.txt;geez;../fake-data/blob/hipster.txt;2026-09-30T03:25:15;2026-09-29T10:34:12
4;goodwill battle rapidly;against indeed;../fake-data/blob/hipster.txt;../fake-data/blob/hipster.txt;outrun minus blond;../fake-data/blob/hipster.txt;2026-09-29T16:22:27;2026-09-29T19:23:34
5;over asset;inside confound confusion;../fake-data/blob/hipster.txt;../fake-data/blob/hipster.txt;gadzooks dial determ;../fake-data/blob/hipster.txt;2026-09-29T17:18:00;2026-09-29T20:04:08
6;drat futon healthily;sneak while;../fake-data/blob/hipster.txt;../fake-data/blob/hipster.txt;if lest resolve;../fake-data/blob/hipster.txt;2026-09-30T09:18:31;2026-09-30T01:04:55
7;amidst;but both abaft;../fake-data/blob/hipster.txt;../fake-data/blob/hipster.txt;miscalculate;../fake-data/blob/hipster.txt;2026-09-29T19:17:14;2026-09-30T05:16:48
8;appreciate;digit;../fake-data/blob/hipster.txt;../fake-data/blob/hipster.txt;remarkable provided ;../fake-data/blob/hipster.txt;2026-09-29T11:57:47;2026-09-29T20:25:31
9;excluding frivolous circa;gah;../fake-data/blob/hipster.txt;../fake-data/blob/hipster.txt;how forenenst;../fake-data/blob/hipster.txt;2026-09-30T07:26:12;2026-09-30T04:55:50
10;easily gently;calculus;../fake-data/blob/hipster.txt;../fake-data/blob/hipster.txt;nicely;../fake-data/blob/hipster.txt;2026-09-29T18:24:48;2026-09-30T06:28:07
11;monthly;morbidity lyre obnoxiously;../fake-data/blob/hipster.txt;../fake-data/blob/hipster.txt;ouch;../fake-data/blob/hipster.txt;2026-09-29T16:38:30;2026-09-30T02:42:56
12;jump brisk astride;jive across;../fake-data/blob/hipster.txt;../fake-data/blob/hipster.txt;hm object after;../fake-data/blob/hipster.txt;2026-09-30T07:36:44;2026-09-29T22:59:50
13;geez but;wilderness boyfriend;../fake-data/blob/hipster.txt;../fake-data/blob/hipster.txt;scope sure-footed af;../fake-data/blob/hipster.txt;2026-09-30T05:52:20;2026-09-29T22:23:02
14;tremendously large;phew consequently hopelessly;../fake-data/blob/hipster.txt;../fake-data/blob/hipster.txt;notwithstanding dili;../fake-data/blob/hipster.txt;2026-09-29T11:26:34;2026-09-30T02:23:02
15;masquerade serene till;round sustenance of;../fake-data/blob/hipster.txt;../fake-data/blob/hipster.txt;although;../fake-data/blob/hipster.txt;2026-09-29T18:41:52;2026-09-29T16:20:46
16;grimy uh-huh;barring bah yippee;../fake-data/blob/hipster.txt;../fake-data/blob/hipster.txt;newsstand among must;../fake-data/blob/hipster.txt;2026-09-30T02:59:47;2026-09-29T23:11:47
17;transom known deserted;throughout aw concerning;../fake-data/blob/hipster.txt;../fake-data/blob/hipster.txt;promise ack;../fake-data/blob/hipster.txt;2026-09-29T17:57:47;2026-09-30T02:09:31
18;sadly madly up;concerning;../fake-data/blob/hipster.txt;../fake-data/blob/hipster.txt;how except concernin;../fake-data/blob/hipster.txt;2026-09-29T18:33:39;2026-09-30T00:00:48
19;ah brandish;squirm;../fake-data/blob/hipster.txt;../fake-data/blob/hipster.txt;down so;../fake-data/blob/hipster.txt;2026-09-29T13:58:22;2026-09-29T15:36:18
20;without;attend famously snowplow;../fake-data/blob/hipster.txt;../fake-data/blob/hipster.txt;lift;../fake-data/blob/hipster.txt;2026-09-30T01:10:49;2026-09-30T05:25:10
21;alongside inspect freight;oof shocked tremendously;../fake-data/blob/hipster.txt;../fake-data/blob/hipster.txt;finer sticky where;../fake-data/blob/hipster.txt;2026-09-30T05:48:24;2026-09-29T21:35:07
22;kissingly hotfoot;holster;../fake-data/blob/hipster.txt;../fake-data/blob/hipster.txt;eek;../fake-data/blob/hipster.txt;2026-09-30T05:28:49;2026-09-29T11:44:56
23;whoever woot;phew;../fake-data/blob/hipster.txt;../fake-data/blob/hipster.txt;knickers willfully;../fake-data/blob/hipster.txt;2026-09-30T05:15:41;2026-09-29T14:09:22
24;spirit;soupy;../fake-data/blob/hipster.txt;../fake-data/blob/hipster.txt;instruction;../fake-data/blob/hipster.txt;2026-09-29T22:26:45;2026-09-29T21:48:55
25;midst;fooey bah;../fake-data/blob/hipster.txt;../fake-data/blob/hipster.txt;and sleet;../fake-data/blob/hipster.txt;2026-09-29T22:31:57;2026-09-29T19:40:14
26;yearly sway;cone;../fake-data/blob/hipster.txt;../fake-data/blob/hipster.txt;reassuringly;../fake-data/blob/hipster.txt;2026-09-29T10:58:32;2026-09-30T07:56:30
27;before depute unimportant;switch;../fake-data/blob/hipster.txt;../fake-data/blob/hipster.txt;consequently guard h;../fake-data/blob/hipster.txt;2026-09-29T16:56:38;2026-09-30T00:50:17
28;carefully;rear;../fake-data/blob/hipster.txt;../fake-data/blob/hipster.txt;barring pish ick;../fake-data/blob/hipster.txt;2026-09-30T08:46:34;2026-09-30T07:34:28
29;brood barring pish;ignorant institute;../fake-data/blob/hipster.txt;../fake-data/blob/hipster.txt;bravely;../fake-data/blob/hipster.txt;2026-09-30T08:15:48;2026-09-30T09:22:36
30;regarding;hopelessly when who;../fake-data/blob/hipster.txt;../fake-data/blob/hipster.txt;lost phew crystalliz;../fake-data/blob/hipster.txt;2026-09-30T07:50:20;2026-09-29T14:30:45
