id;name;slug;description;count
1;govern eek outflank;zowie arbitrate worthwhile;../fake-data/blob/hipster.txt;26051
2;pant anxiously;upliftingly;../fake-data/blob/hipster.txt;253
3;hepatitis daddy chiffonier;provision;../fake-data/blob/hipster.txt;3935
4;worriedly unto ouch;likewise times insist;../fake-data/blob/hipster.txt;20594
5;ick defiantly;zowie;../fake-data/blob/hipster.txt;12004
6;put custom beneath;structure;../fake-data/blob/hipster.txt;1652
7;provided triumphantly;the yippee obnoxiously;../fake-data/blob/hipster.txt;30255
8;given;jovially although phew;../fake-data/blob/hipster.txt;30377
9;potentially devil;scarcely silently;../fake-data/blob/hipster.txt;24065
10;interesting more excepting;but;../fake-data/blob/hipster.txt;24949
11;correctly daily than;hopeful;../fake-data/blob/hipster.txt;30639
12;seriously ruin second-hand;snarling if plait;../fake-data/blob/hipster.txt;17398
13;spectate secularize;snoop despite;../fake-data/blob/hipster.txt;18895
14;hence;likewise whoever huzzah;../fake-data/blob/hipster.txt;23755
15;bicycle vain gripper;extricate who divert;../fake-data/blob/hipster.txt;81
16;sniff;now lobster;../fake-data/blob/hipster.txt;12665
17;joint where;following defrag;../fake-data/blob/hipster.txt;13053
18;mmm tinted yum;next;../fake-data/blob/hipster.txt;3323
19;bleakly sham;prioritize broadside;../fake-data/blob/hipster.txt;25651
20;proceed;deficient likewise;../fake-data/blob/hipster.txt;29068
21;times;furiously;../fake-data/blob/hipster.txt;24110
22;yieldingly dislocate unlike;alert ugh;../fake-data/blob/hipster.txt;30241
23;to truly;duh emergent huzzah;../fake-data/blob/hipster.txt;8893
24;unless;boohoo silver;../fake-data/blob/hipster.txt;5264
25;ouch;stranger cautious memorise;../fake-data/blob/hipster.txt;12776
26;although woeful fooey;inasmuch sanity gruesome;../fake-data/blob/hipster.txt;761
27;meh refer ah;throughout;../fake-data/blob/hipster.txt;23904
28;dual improbable thump;upright delicious;../fake-data/blob/hipster.txt;7726
29;meanwhile circulate pastel;er over;../fake-data/blob/hipster.txt;13029
30;demob why;anti nor;../fake-data/blob/hipster.txt;31299
