id;wp_id;title;slug;content;excerpt;thumbnail;status;view_count;published_at;created_at;updated_at
1;11568;mantua whereas ride;consequently yearly freezing;../fake-data/blob/hipster.txt;../fake-data/blob/hipster.txt;trained;tomography meh underneath;8615;2026-10-01T00:57:36;2026-09-30T17:10:31;2026-09-30T21:24:07
2;18115;flat till;seldom;../fake-data/blob/hipster.txt;../fake-data/blob/hipster.txt;yet cleave;times yippee once;24033;2026-09-30T07:35:29;2026-09-30T13:50:26;2026-09-30T12:55:20
3;5078;tray gadzooks breakable;politely brr;../fake-data/blob/hipster.txt;../fake-data/blob/hipster.txt;statement meanwhile indeed;once;2099;2026-10-01T00:09:56;2026-09-30T17:19:16;2026-09-30T14:55:05
4;21501;boom;excitedly;../fake-data/blob/hipster.txt;../fake-data/blob/hipster.txt;rejigger till malfunction;which red;8730;2026-09-30T19:05:26;2026-10-01T02:30:05;2026-09-30T09:02:15
5;25003;kindheartedly where;notarize baa;../fake-data/blob/hipster.txt;../fake-data/blob/hipster.txt;majestic;though;31078;2026-09-30T20:06:30;2026-09-30T18:59:54;2026-09-30T18:26:52
6;13930;punctually;almighty infamous creak;../fake-data/blob/hipster.txt;../fake-data/blob/hipster.txt;gruesome;ugh thankfully guilty;2421;2026-09-30T19:10:16;2026-09-30T18:55:05;2026-09-30T20:21:12
7;12054;iridescence netsuke;zowie including;../fake-data/blob/hipster.txt;../fake-data/blob/hipster.txt;over;yuck happily nippy;18917;2026-09-30T18:38:34;2026-10-01T01:50:17;2026-09-30T14:10:11
8;15163;riser fraternise;sharply oval;../fake-data/blob/hipster.txt;../fake-data/blob/hipster.txt;mobilise bah;thoughtfully earnest after;11534;2026-09-30T20:35:37;2026-09-30T20:18:06;2026-09-30T09:51:12
9;26723;meaty at fidget;sunbeam;../fake-data/blob/hipster.txt;../fake-data/blob/hipster.txt;actually testing;biodegrade furthermore near;4049;2026-09-30T13:25:43;2026-09-30T08:12:01;2026-10-01T01:19:38
10;20411;extremely around confusion;wearily happily;../fake-data/blob/hipster.txt;../fake-data/blob/hipster.txt;oof;especially wherever;3371;2026-09-30T06:15:15;2026-10-01T00:51:45;2026-09-30T19:31:03
11;29536;down though;for up;../fake-data/blob/hipster.txt;../fake-data/blob/hipster.txt;pants meh;whether;16135;2026-09-30T09:14:31;2026-10-01T02:06:10;2026-09-30T23:43:48
12;9044;nervously off;furthermore mmm;../fake-data/blob/hipster.txt;../fake-data/blob/hipster.txt;along;solidly bravely;17723;2026-09-30T03:54:42;2026-09-30T18:28:53;2026-09-30T21:24:57
13;17585;atop nor accept;cheese irritably which;../fake-data/blob/hipster.txt;../fake-data/blob/hipster.txt;than likewise unscramble;when;4536;2026-09-30T04:03:21;2026-09-30T08:52:39;2026-09-30T08:50:13
14;30915;finally always wildly;shyly but;../fake-data/blob/hipster.txt;../fake-data/blob/hipster.txt;snow;aw;8482;2026-09-30T21:00:40;2026-09-30T16:52:31;2026-09-30T11:07:57
15;7489;at aboard;like after aboard;../fake-data/blob/hipster.txt;../fake-data/blob/hipster.txt;duh easily;throughout turret absent;30618;2026-09-30T17:35:02;2026-09-30T09:43:25;2026-09-30T11:04:09
16;12024;yawningly repeat rapidly;psst than thankfully;../fake-data/blob/hipster.txt;../fake-data/blob/hipster.txt;however ouch delightfully;halt fervently esteemed;17319;2026-09-30T15:06:24;2026-09-30T15:32:31;2026-09-30T16:06:15
17;10852;stool woot augment;degenerate heavily;../fake-data/blob/hipster.txt;../fake-data/blob/hipster.txt;volunteer cornet exactly;solemnly exempt;26861;2026-09-30T23:18:47;2026-10-01T02:46:04;2026-10-01T00:26:14
18;14133;lumbering hole since;successfully;../fake-data/blob/hipster.txt;../fake-data/blob/hipster.txt;cheese likewise;if tabletop brr;30541;2026-09-30T14:01:42;2026-09-30T07:31:23;2026-09-30T15:55:26
19;23269;molasses though mmm;speedily ack ah;../fake-data/blob/hipster.txt;../fake-data/blob/hipster.txt;gosh;where mothball;27657;2026-09-30T16:11:22;2026-09-30T23:11:59;2026-09-30T08:12:34
20;20172;where into;afterwards;../fake-data/blob/hipster.txt;../fake-data/blob/hipster.txt;entrench uh-huh woot;blink fervently;26762;2026-09-30T04:58:19;2026-09-30T10:02:41;2026-09-30T11:14:20
21;14925;overwork meh;glow;../fake-data/blob/hipster.txt;../fake-data/blob/hipster.txt;purse very among;velocity linseed;3868;2026-10-01T00:52:45;2026-10-01T01:34:12;2026-10-01T02:28:08
22;1553;comfortable hornet gestate;across qualified needily;../fake-data/blob/hipster.txt;../fake-data/blob/hipster.txt;sandbar fill;greedy;29202;2026-09-30T21:06:52;2026-09-30T15:12:25;2026-09-30T18:32:50
23;9407;plus;shameless beside gah;../fake-data/blob/hipster.txt;../fake-data/blob/hipster.txt;helpfully wide-eyed;concerning;6677;2026-09-30T15:29:20;2026-10-01T01:39:47;2026-10-01T00:10:52
24;21934;coal failing;nippy round;../fake-data/blob/hipster.txt;../fake-data/blob/hipster.txt;lamp elver supposing;vibraphone brr;26000;2026-10-01T02:50:42;2026-09-30T06:00:45;2026-09-30T09:34:10
25;20192;true velocity;save er instead;../fake-data/blob/hipster.txt;../fake-data/blob/hipster.txt;regarding yuck premise;whoever;26956;2026-09-30T21:37:45;2026-09-30T04:37:32;2026-09-30T14:30:14
26;23078;drat;blissfully stormy;../fake-data/blob/hipster.txt;../fake-data/blob/hipster.txt;superior since;refute afterwards astride;17089;2026-09-30T10:39:19;2026-10-01T02:54:07;2026-10-01T02:21:39
27;29024;outside;diligently;../fake-data/blob/hipster.txt;../fake-data/blob/hipster.txt;above;mmm opposite;31894;2026-09-30T12:50:15;2026-09-30T06:38:03;2026-09-30T07:46:14
28;26511;till dislocate;regarding;../fake-data/blob/hipster.txt;../fake-data/blob/hipster.txt;holster inconsequential hoick;sheepishly regulate;462;2026-10-01T02:45:24;2026-09-30T10:47:15;2026-09-30T07:45:56
29;24415;severe knowledgeably bidet;happily eek sightseeing;../fake-data/blob/hipster.txt;../fake-data/blob/hipster.txt;intently howl snow;nauseate however;23083;2026-09-30T20:58:41;2026-09-30T20:07:55;2026-09-30T08:27:03
30;26100;down fondly facilitate;how toward at;../fake-data/blob/hipster.txt;../fake-data/blob/hipster.txt;modulo;mmm quietly yearningly;30638;2026-10-01T00:26:59;2026-09-30T07:25:34;2026-09-30T23:22:37
