id;term_slug;expired;content
1;bookcase when how;2026-09-30T04:26:19;../fake-data/blob/hipster.txt
2;once why;2026-09-29T23:13:31;../fake-data/blob/hipster.txt
3;swim er;2026-09-29T20:16:27;../fake-data/blob/hipster.txt
4;courageously platypus coaxingly;2026-09-29T17:56:59;../fake-data/blob/hipster.txt
5;woot mid;2026-09-30T03:20:29;../fake-data/blob/hipster.txt
6;writ;2026-09-29T10:11:39;../fake-data/blob/hipster.txt
7;annual exaggerate;2026-09-29T13:36:50;../fake-data/blob/hipster.txt
8;newsstand incidentally opera;2026-09-29T14:56:50;../fake-data/blob/hipster.txt
9;sunbeam;2026-09-29T19:23:19;../fake-data/blob/hipster.txt
10;tut cannon eek;2026-09-29T10:10:49;../fake-data/blob/hipster.txt
11;above;2026-09-30T09:29:52;../fake-data/blob/hipster.txt
12;guidance;2026-09-29T11:39:27;../fake-data/blob/hipster.txt
13;to yet failing;2026-09-29T11:44:48;../fake-data/blob/hipster.txt
14;judicious;2026-09-29T22:48:03;../fake-data/blob/hipster.txt
15;elliptical colonialism;2026-09-29T15:38:29;../fake-data/blob/hipster.txt
16;blushing beside vivaciously;2026-09-29T14:50:37;../fake-data/blob/hipster.txt
17;strict;2026-09-30T01:15:42;../fake-data/blob/hipster.txt
18;when;2026-09-29T21:42:00;../fake-data/blob/hipster.txt
19;concerning gosh;2026-09-30T04:22:31;../fake-data/blob/hipster.txt
20;where;2026-09-30T05:59:28;../fake-data/blob/hipster.txt
21;exhausted;2026-09-29T11:28:07;../fake-data/blob/hipster.txt
22;secondary ha before;2026-09-29T21:31:46;../fake-data/blob/hipster.txt
23;yahoo a weight;2026-09-30T06:36:08;../fake-data/blob/hipster.txt
24;er;2026-09-30T00:49:22;../fake-data/blob/hipster.txt
25;antelope;2026-09-30T08:38:14;../fake-data/blob/hipster.txt
26;never pfft but;2026-09-29T22:34:15;../fake-data/blob/hipster.txt
27;tidy lender pish;2026-09-29T18:50:29;../fake-data/blob/hipster.txt
28;boohoo useless;2026-09-29T23:42:01;../fake-data/blob/hipster.txt
29;why via times;2026-09-30T07:13:21;../fake-data/blob/hipster.txt
30;dim yowza ugh;2026-09-29T18:20:09;../fake-data/blob/hipster.txt
