id;wp_term_id;name;slug;description;icon;listing_count;created_at;updated_at
1;376;oof if curly;readjust;../fake-data/blob/hipster.txt;almost;3241;2026-10-01T02:25:41;2026-09-30T14:25:17
2;18533;major yearly bogus;accelerator hmph dreamily;../fake-data/blob/hipster.txt;hoarse incidentally;31076;2026-09-30T03:54:05;2026-09-30T18:06:22
3;2373;provided accurate ick;beyond;../fake-data/blob/hipster.txt;specific;6671;2026-09-30T09:28:10;2026-09-30T13:22:11
4;15172;glaring brightly;indolent um;../fake-data/blob/hipster.txt;floodlight;11943;2026-09-30T20:24:12;2026-09-30T12:40:54
5;11419;suckle enthusiastically;nor vista provided;../fake-data/blob/hipster.txt;through blindly from;15306;2026-09-30T08:23:08;2026-09-30T23:30:07
6;30885;where below;loyally er and;../fake-data/blob/hipster.txt;brr less freight;23104;2026-09-30T07:36:48;2026-09-30T07:20:30
7;22834;likewise unexpectedly curly;demobilise elegant long;../fake-data/blob/hipster.txt;keenly kindly;10177;2026-09-30T22:30:49;2026-09-30T22:23:18
8;24341;given;castanet;../fake-data/blob/hipster.txt;if ramp regarding;29520;2026-09-30T15:09:46;2026-09-30T17:14:43
9;23894;once;phew electric baggy;../fake-data/blob/hipster.txt;hmph provided since;10134;2026-09-30T15:09:41;2026-09-30T03:30:38
10;14857;out;until;../fake-data/blob/hipster.txt;phew bootleg canter;23705;2026-09-30T03:36:29;2026-09-30T13:19:26
11;29651;kinase vastly eek;er phooey or;../fake-data/blob/hipster.txt;portly flawless;18598;2026-09-30T19:52:45;2026-09-30T23:52:30
12;22384;geez meanwhile sushi;soggy seemingly under;../fake-data/blob/hipster.txt;hutch;29143;2026-09-30T20:49:12;2026-09-30T11:32:52
13;32158;that daughter absent;clumsy;../fake-data/blob/hipster.txt;edge;32225;2026-09-30T12:59:08;2026-09-30T04:24:22
14;8751;advanced whoa;under miserable bran;../fake-data/blob/hipster.txt;radiant;1732;2026-09-30T14:31:14;2026-10-01T02:07:25
15;31809;ack weatherize past;porter;../fake-data/blob/hipster.txt;haversack;26268;2026-10-01T01:41:51;2026-09-30T21:30:37
16;26817;sham aware;drat qua fluff;../fake-data/blob/hipster.txt;unlucky circa;7491;2026-09-30T06:48:57;2026-09-30T21:17:56
17;1466;after next experience;soupy into;../fake-data/blob/hipster.txt;garage lieu;27625;2026-09-30T10:24:34;2026-09-30T21:10:47
18;32514;monthly woot;drowse until beneath;../fake-data/blob/hipster.txt;whose airbrush;23081;2026-09-30T13:52:56;2026-09-30T05:28:05
19;24789;blah terraform;jealously syringe;../fake-data/blob/hipster.txt;that because sushi;7539;2026-09-30T16:17:01;2026-09-30T14:46:45
20;10596;same without nifty;athwart;../fake-data/blob/hipster.txt;famously unripe because;26231;2026-09-30T22:16:52;2026-10-01T00:09:57
21;32586;who aha;whenever per;../fake-data/blob/hipster.txt;metallic;1543;2026-09-30T23:25:29;2026-09-30T04:10:36
22;25041;tomb;for;../fake-data/blob/hipster.txt;why;29849;2026-09-30T06:10:16;2026-09-30T06:34:09
23;4185;configuration sunbathe;gah;../fake-data/blob/hipster.txt;including;14354;2026-09-30T12:15:23;2026-09-30T13:24:22
24;7806;damp;a surprise long;../fake-data/blob/hipster.txt;upon;29657;2026-09-30T07:58:08;2026-10-01T01:26:27
25;21852;reference bah;humidity;../fake-data/blob/hipster.txt;hastily;31962;2026-09-30T12:50:38;2026-09-30T18:33:50
26;4513;phew optimistically;yowza what focused;../fake-data/blob/hipster.txt;toward snappy translation;10626;2026-09-30T03:41:23;2026-09-30T20:37:14
27;19368;malfunction pronoun mmm;extent;../fake-data/blob/hipster.txt;warmly on;22510;2026-09-30T06:25:23;2026-09-30T03:47:35
28;26638;hm gee;remand birdcage;../fake-data/blob/hipster.txt;casket actually;30519;2026-09-30T12:50:41;2026-09-30T04:47:26
29;29315;loudly vanadyl coaxingly;leading among majestically;../fake-data/blob/hipster.txt;versus;23941;2026-10-01T00:08:14;2026-09-30T22:31:06
30;18095;large shallow;wholly reorient;../fake-data/blob/hipster.txt;elliptical;13789;2026-09-30T15:48:31;2026-09-30T10:49:36
