id;title;image;image_content_type;image_url;link_url;alt_text;display_order;active;start_at;end_at;open_in_new_tab;gallery_id
1;yearningly abnegate almighty;../fake-data/blob/hipster.png;image/png;musty;lowball;refer;22265;true;2026-10-04T17:13:53;2026-10-04T08:06:21;false;1
2;swiftly beautifully diligently;../fake-data/blob/hipster.png;image/png;cantaloupe unless pfft;queasy;whose second-hand;20340;true;2026-10-04T10:40:11;2026-10-04T08:52:20;true;2
3;besides firm;../fake-data/blob/hipster.png;image/png;draft;upside-down seafood loudly;construe reconsideration;30583;true;2026-10-04T19:49:55;2026-10-04T09:21:42;false;3
4;whoever charlatan kowtow;../fake-data/blob/hipster.png;image/png;monster battle present;mmm traffic fooey;because inside a;14024;false;2026-10-04T20:58:10;2026-10-04T18:37:36;true;4
5;blushing for obligation;../fake-data/blob/hipster.png;image/png;hunger;finally gripping;psst strictly;6737;false;2026-10-04T20:23:14;2026-10-04T07:40:47;true;5
6;fooey coaxingly;../fake-data/blob/hipster.png;image/png;fortunate pro;carnival lender airline;what;3731;true;2026-10-04T13:59:57;2026-10-04T08:40:24;true;6
7;daintily;../fake-data/blob/hipster.png;image/png;barring including godfather;incidentally far alongside;tremendously between;13590;false;2026-10-04T18:15:43;2026-10-04T23:02:06;true;7
8;gee kaleidoscopic;../fake-data/blob/hipster.png;image/png;but um;worse;upwardly executor tensely;19230;true;2026-10-05T00:14:42;2026-10-04T13:46:19;true;8
9;yuck phooey throughout;../fake-data/blob/hipster.png;image/png;complication via;rotating dense wetly;claw;27718;false;2026-10-04T11:27:31;2026-10-04T18:32:42;true;9
10;naughty;../fake-data/blob/hipster.png;image/png;embed knowingly instance;when;boastfully duh furthermore;19675;false;2026-10-04T18:07:33;2026-10-04T16:31:43;false;10
11;usefully austere;../fake-data/blob/hipster.png;image/png;now;clinking;ah oof however;20285;true;2026-10-04T07:35:53;2026-10-05T04:27:03;false;11
12;properly;../fake-data/blob/hipster.png;image/png;how gee;hoof;license cruelly;21256;true;2026-10-04T14:53:56;2026-10-04T10:33:18;true;12
13;meanwhile per segregate;../fake-data/blob/hipster.png;image/png;whoa outnumber yak;deflate ugh;giggle onto;7195;true;2026-10-05T03:40:10;2026-10-04T15:52:45;true;13
14;dependent;../fake-data/blob/hipster.png;image/png;almost;emergent hence besides;oh;30610;true;2026-10-04T12:14:46;2026-10-05T03:27:33;true;14
15;conversation sniff;../fake-data/blob/hipster.png;image/png;queasy attribute eek;deeply;when forage;19052;false;2026-10-05T00:53:15;2026-10-04T08:18:29;false;15
16;and what for;../fake-data/blob/hipster.png;image/png;busily schematise;educated oof;dulcimer begonia;31579;true;2026-10-04T19:43:54;2026-10-04T15:44:54;true;16
17;splay;../fake-data/blob/hipster.png;image/png;censor absentmindedly;medium stiffen well-groomed;as;32122;false;2026-10-05T04:36:27;2026-10-04T10:53:34;false;17
18;sternly ick;../fake-data/blob/hipster.png;image/png;proselytise furthermore disrespect;whoa;normal ill-fated whoever;10533;true;2026-10-04T14:37:39;2026-10-04T15:11:02;true;18
19;decongestant for;../fake-data/blob/hipster.png;image/png;never distorted from;ha definitive uh-huh;minus riser;4384;true;2026-10-04T07:24:21;2026-10-04T20:03:42;false;19
20;founder encode sun;../fake-data/blob/hipster.png;image/png;tremendously especially wetly;trusty chapel oh;why wildly tall;29873;true;2026-10-04T22:08:35;2026-10-05T01:10:16;true;20
21;lest;../fake-data/blob/hipster.png;image/png;reprimand overload even;grass so;if;10906;true;2026-10-04T10:18:24;2026-10-05T00:20:30;false;21
22;rosin rationalise;../fake-data/blob/hipster.png;image/png;ha;mobility dredger whenever;sick;11751;false;2026-10-04T20:42:38;2026-10-05T05:51:04;false;22
23;mmm someplace obnoxiously;../fake-data/blob/hipster.png;image/png;grouchy beyond optimal;during;dividend hastily now;16068;true;2026-10-04T18:10:48;2026-10-04T23:37:11;true;23
24;hmph;../fake-data/blob/hipster.png;image/png;outrun hard-to-find;oh;of;28738;false;2026-10-04T21:05:00;2026-10-04T11:13:42;true;24
25;scoop gratefully;../fake-data/blob/hipster.png;image/png;potentially;before alligator;consequently gosh zowie;17802;false;2026-10-04T11:34:49;2026-10-04T22:20:29;false;25
26;swiftly cash;../fake-data/blob/hipster.png;image/png;and duh quit;victorious whoa barring;mechanic;19063;false;2026-10-04T22:36:51;2026-10-05T04:12:12;true;26
27;sate pecan;../fake-data/blob/hipster.png;image/png;qua plus;cuckoo pace while;rough;15735;true;2026-10-04T17:55:07;2026-10-04T22:27:57;false;27
28;plus behind regular;../fake-data/blob/hipster.png;image/png;distant;vice where distinction;cumbersome;31057;true;2026-10-04T17:10:06;2026-10-04T10:47:08;true;28
29;geez;../fake-data/blob/hipster.png;image/png;wide-eyed as;impact;pixellate;6669;true;2026-10-04T18:57:59;2026-10-04T21:32:57;true;29
30;searchingly;../fake-data/blob/hipster.png;image/png;huzzah;including unhappy clavicle;consequently;20295;false;2026-10-05T06:03:18;2026-10-05T00:10:51;true;30
