id;title;slug;content;status;created_at;updated_at
1;who about ethical;snoopy drat airbrush;../fake-data/blob/hipster.txt;against anticodon;2026-09-29T17:25:44;2026-09-29T15:26:50
2;buttery;little;../fake-data/blob/hipster.txt;geez gladly ascribe;2026-09-29T21:02:10;2026-09-30T08:41:34
3;vice;cute upon geez;../fake-data/blob/hipster.txt;pillow equally;2026-09-29T10:42:42;2026-09-29T22:27:11
4;vainly;hopeful;../fake-data/blob/hipster.txt;after unto trust;2026-09-29T11:22:21;2026-09-29T20:24:24
5;whenever mortally yogurt;beneath filthy duh;../fake-data/blob/hipster.txt;hence ha which;2026-09-30T08:00:51;2026-09-30T03:35:04
6;anti boohoo respray;generously woeful;../fake-data/blob/hipster.txt;acidly veto;2026-09-29T21:17:12;2026-09-29T18:16:47
7;unhealthy another bench;beneath amongst chase;../fake-data/blob/hipster.txt;provided;2026-09-30T06:42:24;2026-09-29T14:51:50
8;countess anti;eventually;../fake-data/blob/hipster.txt;woot among boo;2026-09-29T20:51:05;2026-09-30T01:37:45
9;bony pish;typeface;../fake-data/blob/hipster.txt;ouch;2026-09-29T17:11:52;2026-09-29T19:14:59
10;reporter what carelessly;sympathetically trek appropriate;../fake-data/blob/hipster.txt;stark smog midst;2026-09-30T06:39:55;2026-09-30T08:12:05
11;captain;before;../fake-data/blob/hipster.txt;mechanically till;2026-09-29T18:38:34;2026-09-29T15:51:50
12;so impractical;mostly when;../fake-data/blob/hipster.txt;hm jury;2026-09-29T15:52:15;2026-09-29T10:12:09
13;phew sharply;frank athwart;../fake-data/blob/hipster.txt;silently simple;2026-09-30T00:35:58;2026-09-29T10:22:29
14;fooey prestigious whoever;uselessly quirkily;../fake-data/blob/hipster.txt;rosin condense hefty;2026-09-29T21:45:39;2026-09-29T19:50:11
15;soon hmph;super hot;../fake-data/blob/hipster.txt;lox;2026-09-30T04:32:21;2026-09-29T10:11:38
16;nervous nor zowie;yahoo;../fake-data/blob/hipster.txt;unit before rigidly;2026-09-29T10:17:55;2026-09-30T02:19:19
17;anenst bleak afore;excitedly;../fake-data/blob/hipster.txt;buzzing confide indi;2026-09-30T02:05:07;2026-09-30T04:02:46
18;redress kissingly hexagon;implode characterization;../fake-data/blob/hipster.txt;relative wire;2026-09-29T13:49:30;2026-09-30T03:13:25
19;custody notarize fireplace;pfft below towards;../fake-data/blob/hipster.txt;train hidden if;2026-09-29T23:10:40;2026-09-30T02:50:46
20;instead uncork;patiently;../fake-data/blob/hipster.txt;swing expense;2026-09-30T06:20:10;2026-09-29T09:47:19
21;nor cheetah utterly;functional gadzooks;../fake-data/blob/hipster.txt;uh-huh wicked;2026-09-30T04:06:39;2026-09-30T07:15:11
22;noteworthy finally than;atop hydrant far-flung;../fake-data/blob/hipster.txt;alongside diver;2026-09-29T10:56:57;2026-09-29T20:43:20
23;modulo as charming;tabletop;../fake-data/blob/hipster.txt;nautical cricket;2026-09-29T15:24:36;2026-09-30T00:16:27
24;eek lampoon;apt illusion substitution;../fake-data/blob/hipster.txt;faithfully widow;2026-09-30T07:42:39;2026-09-29T14:56:01
25;wearily per;off nautical;../fake-data/blob/hipster.txt;sans neatly;2026-09-30T02:27:39;2026-09-30T07:02:51
26;concerning save greedily;when phew;../fake-data/blob/hipster.txt;save;2026-09-30T03:52:50;2026-09-30T03:19:05
27;around as;notwithstanding even;../fake-data/blob/hipster.txt;drat;2026-09-30T07:52:24;2026-09-29T20:06:52
28;quickly luck yippee;hurtful guzzle yowza;../fake-data/blob/hipster.txt;oh;2026-09-30T06:39:59;2026-09-29T12:48:28
29;anxiously mature jaywalk;trick quiet of;../fake-data/blob/hipster.txt;sans;2026-09-30T04:53:50;2026-09-29T17:53:27
30;famously;huzzah cheerfully;../fake-data/blob/hipster.txt;whup;2026-09-29T19:56:50;2026-09-30T03:24:38
