id;image_url;thumbnail_url;alt_text;display_order;is_featured;created_at;updated_at;listing_id
1;../fake-data/blob/hipster.txt;../fake-data/blob/hipster.txt;damp;12123;true;2026-09-29T17:03:44;2026-09-29T16:58:08;1
2;../fake-data/blob/hipster.txt;../fake-data/blob/hipster.txt;far-flung;18003;false;2026-09-30T05:17:20;2026-09-30T07:12:29;2
3;../fake-data/blob/hipster.txt;../fake-data/blob/hipster.txt;overcoat meh;3382;true;2026-09-30T08:30:28;2026-09-29T14:48:08;3
4;../fake-data/blob/hipster.txt;../fake-data/blob/hipster.txt;remark even doing;22796;false;2026-09-30T01:10:02;2026-09-29T15:15:25;4
5;../fake-data/blob/hipster.txt;../fake-data/blob/hipster.txt;annual;18405;false;2026-09-30T03:28:11;2026-09-30T03:07:31;5
6;../fake-data/blob/hipster.txt;../fake-data/blob/hipster.txt;colorful;24215;false;2026-09-29T16:46:06;2026-09-29T10:22:59;6
7;../fake-data/blob/hipster.txt;../fake-data/blob/hipster.txt;tangible fortunate velvety;29589;false;2026-09-29T21:46:30;2026-09-29T15:06:10;7
8;../fake-data/blob/hipster.txt;../fake-data/blob/hipster.txt;like even;10278;false;2026-09-29T14:22:35;2026-09-29T19:35:39;8
9;../fake-data/blob/hipster.txt;../fake-data/blob/hipster.txt;westernise yowza randomize;10103;true;2026-09-30T06:51:11;2026-09-29T10:51:24;9
10;../fake-data/blob/hipster.txt;../fake-data/blob/hipster.txt;uh-huh;20104;true;2026-09-29T12:54:30;2026-09-29T11:04:12;10
11;../fake-data/blob/hipster.txt;../fake-data/blob/hipster.txt;federate usefully nearly;20701;true;2026-09-29T20:39:35;2026-09-30T07:16:33;11
12;../fake-data/blob/hipster.txt;../fake-data/blob/hipster.txt;drat so;6920;true;2026-09-29T16:28:51;2026-09-29T22:39:37;12
13;../fake-data/blob/hipster.txt;../fake-data/blob/hipster.txt;lazy sticker viciously;7237;false;2026-09-29T13:36:51;2026-09-29T22:50:02;13
14;../fake-data/blob/hipster.txt;../fake-data/blob/hipster.txt;fiercely rewrite;9363;true;2026-09-29T18:06:45;2026-09-30T06:27:59;14
15;../fake-data/blob/hipster.txt;../fake-data/blob/hipster.txt;darling papa sham;29912;false;2026-09-29T19:31:23;2026-09-29T23:17:56;15
16;../fake-data/blob/hipster.txt;../fake-data/blob/hipster.txt;glittering which once;29299;true;2026-09-30T05:22:05;2026-09-29T09:51:13;16
17;../fake-data/blob/hipster.txt;../fake-data/blob/hipster.txt;boulevard;26741;true;2026-09-29T18:45:20;2026-09-29T16:51:39;17
18;../fake-data/blob/hipster.txt;../fake-data/blob/hipster.txt;jubilantly;3259;true;2026-09-29T21:22:23;2026-09-29T22:50:53;18
19;../fake-data/blob/hipster.txt;../fake-data/blob/hipster.txt;overconfidently burdensome;21463;false;2026-09-29T23:49:56;2026-09-29T13:11:25;19
20;../fake-data/blob/hipster.txt;../fake-data/blob/hipster.txt;ha;28990;false;2026-09-29T19:12:02;2026-09-30T09:01:41;20
21;../fake-data/blob/hipster.txt;../fake-data/blob/hipster.txt;till;6878;false;2026-09-30T08:28:03;2026-09-30T07:36:07;21
22;../fake-data/blob/hipster.txt;../fake-data/blob/hipster.txt;psst until than;14774;true;2026-09-30T04:39:52;2026-09-29T09:59:51;22
23;../fake-data/blob/hipster.txt;../fake-data/blob/hipster.txt;rudely kissingly;17881;true;2026-09-29T14:46:40;2026-09-29T17:17:46;23
24;../fake-data/blob/hipster.txt;../fake-data/blob/hipster.txt;low upward gee;6897;true;2026-09-29T18:08:48;2026-09-29T21:44:46;24
25;../fake-data/blob/hipster.txt;../fake-data/blob/hipster.txt;until;13038;false;2026-09-29T23:09:37;2026-09-29T23:33:11;25
26;../fake-data/blob/hipster.txt;../fake-data/blob/hipster.txt;minister uh-huh whoever;30678;false;2026-09-29T12:13:54;2026-09-29T23:04:12;26
27;../fake-data/blob/hipster.txt;../fake-data/blob/hipster.txt;yowza furthermore;8133;false;2026-09-30T05:33:05;2026-09-29T21:43:28;27
28;../fake-data/blob/hipster.txt;../fake-data/blob/hipster.txt;amidst incandescence pip;5890;true;2026-09-29T20:24:33;2026-09-29T22:45:37;28
29;../fake-data/blob/hipster.txt;../fake-data/blob/hipster.txt;undergo;8085;true;2026-09-29T21:01:03;2026-09-29T10:00:25;29
30;../fake-data/blob/hipster.txt;../fake-data/blob/hipster.txt;at huzzah;22088;true;2026-09-29T18:38:20;2026-09-30T00:39:43;30
