id;title;slug;content;status;email;telephone;mobile;website;fax;tax_code;name_alias;name_en;representative;main_industry;managed_by;business_type;status_yp;founded_date;license_modified_date;address;address_alternative;latitude;longitude;api_id;created_at;updated_at
1;past why;following dual;../fake-data/blob/hipster.txt;anenst;Elvira54@yahoo.com;357-944-9099 x02348;ah;probable blushing consequently;shanghai;order via consequently;yippee authorized regarding;indeed satirise;deadly roger off;blah alongside;proceed venture carefully;supposing gad import;honestly crafty;2026-09-29T14:26:57;2026-09-29T14:23:21;../fake-data/blob/hipster.txt;../fake-data/blob/hipster.txt;13988.65;22317.98;27309;2026-09-30T01:54:00;2026-09-30T08:35:33
2;incomplete smuggle including;if;../fake-data/blob/hipster.txt;hairy reflecting yow;Diego53@yahoo.com;(458) 392-0167 x16581;oddly;granny eek;against cleave;wriggler;officially misguided;weakly eventually;uncomfortable;alongside;how;for woot if;pushy;2026-09-29T17:55:38;2026-09-29T21:51:30;../fake-data/blob/hipster.txt;../fake-data/blob/hipster.txt;3615.86;28916.09;9674;2026-09-30T08:07:15;2026-09-29T16:18:33
3;total;rare defendant vet;../fake-data/blob/hipster.txt;glisten masquerade d;Alexander_Schaefer@gmail.com;(779) 737-9061 x895;dead where pro;creator instead instead;absolve till;hydrocarbon;bran potentially;however;phooey until;printer vulgarise extent;basic profuse;now;exacerbate dismal since;2026-09-29T22:02:41;2026-09-29T19:49:07;../fake-data/blob/hipster.txt;../fake-data/blob/hipster.txt;18761.29;21691.81;1790;2026-09-29T13:30:39;2026-09-30T09:03:04
4;bah besides;yum;../fake-data/blob/hipster.txt;what mmm;Ophelia.Crona99@hotmail.com;(702) 285-9820 x861;ack vamoose provided;oof swill license;spirit;apropos yet whoa;low;whether following drat;after er pocket-watch;until;when;explode;giggle;2026-09-30T03:51:00;2026-09-29T21:34:52;../fake-data/blob/hipster.txt;../fake-data/blob/hipster.txt;7589.56;17444.55;26227;2026-09-29T16:40:48;2026-09-30T07:20:55
5;gentle;serpentine syringe below;../fake-data/blob/hipster.txt;whereas technologist;Brent.Quitzon@gmail.com;355-982-5405;that vivaciously;while alongside;modulo once;furthermore fondly;underneath receptor;yuck;fashion oh personalise;provision;down utilized upright;aboard;towards wobbly because;2026-09-30T01:29:19;2026-09-30T03:13:10;../fake-data/blob/hipster.txt;../fake-data/blob/hipster.txt;31980.08;6844.16;17083;2026-09-29T14:27:47;2026-09-29T14:50:53
6;runway barring insidious;worthy;../fake-data/blob/hipster.txt;barge;Monserrate_Rippin@hotmail.com;538.321.5907 x499;pace blah;meanwhile why pike;intent decongestant;who after;wearily feminize whose;regarding aha;harvest upsell phew;quickly;frail inquisitively;blah;tuba smooth;2026-09-29T19:21:21;2026-09-30T09:39:59;../fake-data/blob/hipster.txt;../fake-data/blob/hipster.txt;10999.94;26390.17;4159;2026-09-29T09:58:01;2026-09-29T17:32:41
7;proofread tune-up regarding;godfather necklace;../fake-data/blob/hipster.txt;caption;Darnell91@hotmail.com;856-537-0242;submitter miserly selfish;obedient searchingly;well-groomed stabilise private;along instead;typewriter;atop below forager;nor exalted lecture;naughty elegantly brr;lounge since;downright alligator mediocre;repossess;2026-09-29T22:29:42;2026-09-29T16:54:41;../fake-data/blob/hipster.txt;../fake-data/blob/hipster.txt;2276.48;1970.81;1092;2026-09-29T20:55:03;2026-09-29T17:12:32
8;kiss meh;from;../fake-data/blob/hipster.txt;though provision swi;Amiya69@gmail.com;417-976-7032;that suspiciously;moor partially;hope maestro;actually conceal;eek;unnaturally unfreeze;colonialism;aha;the;whether pulverize intelligent;internalize save excitedly;2026-09-30T07:14:20;2026-09-29T13:53:21;../fake-data/blob/hipster.txt;../fake-data/blob/hipster.txt;2622.81;23973.2;14374;2026-09-29T16:18:15;2026-09-30T00:30:37
9;afterwards stake;and;../fake-data/blob/hipster.txt;factorise shanghai;Aric47@gmail.com;267-674-0643;concentration cruelly gym;whether after why;ordinary oh;doubter;creak;that grounded huzzah;bah concerning;good-natured;league aw;utterly;sharply although vice;2026-09-30T09:40:22;2026-09-29T17:38:23;../fake-data/blob/hipster.txt;../fake-data/blob/hipster.txt;21624.18;21016.32;195;2026-09-29T22:37:17;2026-09-29T18:51:44
10;dissemble creator knowledgeably;fortunately trick abaft;../fake-data/blob/hipster.txt;sedately circa;Nathaniel31@yahoo.com;(834) 568-2439 x2217;impolite besides which;oh;loose knottily;waver sleepily;comfortable;absentmindedly;musty hope;produce;offset;oof haversack tenement;stuff;2026-09-30T06:56:02;2026-09-30T05:59:38;../fake-data/blob/hipster.txt;../fake-data/blob/hipster.txt;23616.71;8170.29;5444;2026-09-29T18:30:58;2026-09-29T21:22:26
11;notwithstanding;finally consign through;../fake-data/blob/hipster.txt;incidentally;Tristin_Turner22@hotmail.com;699-242-0106 x69098;anti;massage curl;heavily across;energetically tarragon crazy;dime;well-to-do below heartache;once gracefully;what scaly;scorpion;finally blindly;gah;2026-09-30T03:54:01;2026-09-29T17:18:18;../fake-data/blob/hipster.txt;../fake-data/blob/hipster.txt;1624.19;22532.39;28205;2026-09-30T04:55:42;2026-09-30T04:09:27
12;vice;tensely;../fake-data/blob/hipster.txt;aw;Kyleigh.Rogahn@hotmail.com;(871) 341-4695;unless testify;tensely complicated clean;if practical;because physically flame;suddenly;toaster;excepting;experienced;alive our;energetically;as;2026-09-29T16:41:24;2026-09-29T17:21:49;../fake-data/blob/hipster.txt;../fake-data/blob/hipster.txt;2552.61;11291.05;12718;2026-09-29T09:47:05;2026-09-29T21:00:46
13;glisten;gadzooks showy;../fake-data/blob/hipster.txt;unrealistic greedily;Angelita_Crooks@hotmail.com;632-888-3828 x922;meh;until;sweetly;mammoth annual;oof;for;aside;pigpen;quarrelsomely how hmph;times beard upwardly;pant defendant roundabout;2026-09-30T01:22:28;2026-09-30T03:41:54;../fake-data/blob/hipster.txt;../fake-data/blob/hipster.txt;24250.29;2568.43;27529;2026-09-29T13:56:37;2026-09-30T06:01:37
14;scruple;reproachfully near blaring;../fake-data/blob/hipster.txt;justly and whereas;Lydia30@gmail.com;492-274-5232 x910;save;when reorient;explode essential;sticker yahoo railway;valiantly even;gurn lawmaker;beyond until;except;attend;testing despite thoroughly;gulp tightly passionate;2026-09-29T15:01:04;2026-09-30T04:40:16;../fake-data/blob/hipster.txt;../fake-data/blob/hipster.txt;6465.21;22917.7;9471;2026-09-30T00:28:49;2026-09-29T15:21:28
15;liberalize honestly overcharge;affectionate;../fake-data/blob/hipster.txt;reconstitute whoa;Charlie_Hermann17@gmail.com;477-326-7189 x9886;pulp but;patroller;perp far;whoa athwart considering;yak;definitive arrogantly kissingly;except gadzooks;blah perspire;upon over dash;ah;gosh;2026-09-30T05:43:15;2026-09-30T01:47:52;../fake-data/blob/hipster.txt;../fake-data/blob/hipster.txt;18252.89;5322.29;17556;2026-09-30T07:40:29;2026-09-30T03:34:35
16;so provision;slip personal;../fake-data/blob/hipster.txt;carefully;Dalton_White37@yahoo.com;(740) 818-6937 x494;inexperienced sham;gah;broadly unless across;apud;behind justly remarkable;than;charter;of against;brand;monthly huzzah accomplished;wilderness packaging besides;2026-09-30T06:56:43;2026-09-29T12:04:27;../fake-data/blob/hipster.txt;../fake-data/blob/hipster.txt;3986.3;4693.26;22729;2026-09-29T12:06:58;2026-09-29T20:11:00
17;aha poetry festival;versus beside gown;../fake-data/blob/hipster.txt;ha now;Shaina.Cormier@yahoo.com;678.906.6308;grimy;after joshingly;barring;darn relaunch;fooey making;pish hunt;brief via;before intermix consequently;yuck scotch basket;ick well;ick qualified;2026-09-29T21:09:22;2026-09-29T23:43:07;../fake-data/blob/hipster.txt;../fake-data/blob/hipster.txt;20102.35;10563.76;13706;2026-09-30T04:59:07;2026-09-29T22:39:22
18;dimly anti outlying;repeatedly though;../fake-data/blob/hipster.txt;with dearly of;Noble.Kuhic@hotmail.com;(780) 799-1936 x28210;whoa;quicker shrilly;given;zebra;whether meh;forenenst monthly;nervously baggy overfeed;rightfully;yet;fine gosh cheap;corner;2026-09-29T16:01:50;2026-09-29T11:35:54;../fake-data/blob/hipster.txt;../fake-data/blob/hipster.txt;5828.31;3229.24;6753;2026-09-29T19:37:06;2026-09-29T15:23:35
19;whereas;measly opposite;../fake-data/blob/hipster.txt;urgently;Chelsey_Kuhlman60@gmail.com;(906) 728-0342;impartial lend whoa;impolite though carboxyl;tinted cappelletti;vainly finally;kindly;gah giant well-made;knavishly;majestic likely moist;intent yippee;aw untidy downshift;usable nearly;2026-09-29T15:07:08;2026-09-29T11:44:35;../fake-data/blob/hipster.txt;../fake-data/blob/hipster.txt;10700.05;1816.7;3368;2026-09-30T08:43:21;2026-09-29T12:38:04
20;phooey kit consequently;redesign absent;../fake-data/blob/hipster.txt;tensely;Jessika_Wisozk@hotmail.com;823.237.9682 x993;huzzah;purse nor spellcheck;basic;while ha huzzah;linseed unfreeze;pace indeed;delightfully;down;disapprove ripe;once phew;bind;2026-09-29T18:49:51;2026-09-29T15:30:28;../fake-data/blob/hipster.txt;../fake-data/blob/hipster.txt;15482.44;18591.29;27004;2026-09-29T10:37:54;2026-09-30T00:41:37
21;faraway;familiar;../fake-data/blob/hipster.txt;eggplant;Janet.Nader9@hotmail.com;(754) 956-1915;tame uh-huh during;blah;offensively creator upright;partially fond;bleach coast dulcimer;aside underneath;cool unlike;closely;digit inside;outrank among eventually;whose under farmer;2026-09-29T14:58:29;2026-09-30T05:25:31;../fake-data/blob/hipster.txt;../fake-data/blob/hipster.txt;5971.47;16776.75;23186;2026-09-29T21:07:05;2026-09-30T01:47:39
22;likewise;for;../fake-data/blob/hipster.txt;given across valenti;Simon_Daugherty39@yahoo.com;971.538.6387;trolley on;between;veg;vice fold;assail;amazing paintwork;concerning;yet;softly ha;up excitedly;coliseum section;2026-09-29T16:05:59;2026-09-29T10:32:18;../fake-data/blob/hipster.txt;../fake-data/blob/hipster.txt;32166.14;31480.73;31270;2026-09-29T10:55:30;2026-09-29T10:03:35
23;cheetah uh-huh;bore;../fake-data/blob/hipster.txt;candid;Alyson.Yundt78@hotmail.com;(759) 644-9692 x5260;oxidize airmail;wisely;naughty;how phooey;upset gee;keenly;including gosh;enthusiastically;questioningly prejudge;morning including faithfully;serve rebuff fiercely;2026-09-29T14:14:14;2026-09-30T01:48:54;../fake-data/blob/hipster.txt;../fake-data/blob/hipster.txt;1208.09;25527.62;9277;2026-09-30T01:09:51;2026-09-29T11:37:25
24;short-term;colossal;../fake-data/blob/hipster.txt;dramatize;Lucio_Kub@gmail.com;1-806-215-3059 x6405;energetically;yearly woot amongst;when;aboard valiantly;whether personal;specific;overcooked;pessimistic suffocate;since;despite ick testify;dereference heating graft;2026-09-29T09:52:19;2026-09-29T09:56:31;../fake-data/blob/hipster.txt;../fake-data/blob/hipster.txt;6968.69;1243.54;30765;2026-09-29T17:19:31;2026-09-30T04:37:55
25;contrail aha;whoever;../fake-data/blob/hipster.txt;preclude;Wilburn2@yahoo.com;215.953.8845 x94766;besides foolhardy;march;horde flint merge;aha;consequently uh-huh;but;tomb;despite onto er;misappropriate entry;than hmph that;hunt orchid geez;2026-09-30T02:21:01;2026-09-30T09:30:28;../fake-data/blob/hipster.txt;../fake-data/blob/hipster.txt;9064.51;4383.44;1290;2026-09-30T00:55:54;2026-09-29T22:22:35
26;lest sedately;inasmuch able founder;../fake-data/blob/hipster.txt;publicity out loboto;Destany_Schneider@gmail.com;950-292-7341 x021;gah wilderness whereas;mmm potable bah;absent;only tense;ah sparkling;with typify;provided gosh switchboard;maestro next out;reconstitute;unruly when finally;wheel kindheartedly gee;2026-09-29T19:36:33;2026-09-29T16:37:56;../fake-data/blob/hipster.txt;../fake-data/blob/hipster.txt;2259.75;19067.15;13276;2026-09-30T01:11:28;2026-09-29T11:14:45
27;sans;messy aside;../fake-data/blob/hipster.txt;supposing notwithsta;Oliver_Maggio4@gmail.com;460-326-5270 x252;brr tightly;regularly unconscious;uh-huh;but opposite;divine encouragement;even;meanwhile absentmindedly;solicit despite considering;unabashedly;straw;flustered as;2026-09-29T17:20:38;2026-09-29T18:12:09;../fake-data/blob/hipster.txt;../fake-data/blob/hipster.txt;28210.34;1555.54;22344;2026-09-30T07:38:48;2026-09-29T20:43:59
28;splay;generally;../fake-data/blob/hipster.txt;consequently;Bradford.Ortiz@hotmail.com;(585) 837-2903 x334;while;pulverize beside including;newsprint mechanically;openly drat harangue;even although;ill owlishly towards;um hoick until;geez;correctly vainly er;palatable preside;or;2026-09-29T23:04:02;2026-09-29T22:47:29;../fake-data/blob/hipster.txt;../fake-data/blob/hipster.txt;20208.11;23357.65;11559;2026-09-30T07:35:34;2026-09-29T11:40:54
29;vice;consequently freely outside;../fake-data/blob/hipster.txt;frantically impure;Kenny.Nikolaus90@hotmail.com;969.837.1547 x285;if brightly instead;dense which;until;suffocate;after gadzooks;off sparkling huzzah;although suddenly;likewise;oil worth;vicinity harangue;governance;2026-09-29T17:49:06;2026-09-29T11:23:46;../fake-data/blob/hipster.txt;../fake-data/blob/hipster.txt;22968.12;12668.07;21652;2026-09-29T09:51:30;2026-09-30T05:37:11
30;immediately;interestingly rudely after;../fake-data/blob/hipster.txt;meaningfully who;Paris_Koepp@gmail.com;(850) 472-8118;happily order;that;alongside blind;trustworthy rekindle except;when whoever furlough;apud accomplished;some always daintily;furiously zowie since;punctuation;after yuck;narrowcast as;2026-09-29T21:41:16;2026-09-30T01:59:41;../fake-data/blob/hipster.txt;../fake-data/blob/hipster.txt;2619.33;982.36;28432;2026-09-30T07:51:42;2026-09-29T13:29:52
