id;name;slug;type;province_code;district_code;ward_code;count;display_order;created_at;updated_at
1;against;hmph pish splurge;mismatch apud;brr provid;wherever a;rapidly ba;2799;7048;2026-09-29T17:32:44;2026-09-29T10:43:43
2;polyester delightfully oh;silt handover;uh-huh hopelessly;psst;eyeglasses;but tarry;17260;25176;2026-09-29T12:39:29;2026-09-29T23:15:27
3;fat another;frank;gosh scorpion;dental tri;triangular;brr provid;31286;30602;2026-09-29T17:32:10;2026-09-29T09:45:40
4;yippee practical next;however able patiently;outside;boo;experience;smoggy lit;20226;17105;2026-09-29T19:19:36;2026-09-29T13:11:46
5;knuckle orient;greedy;tighten and;past;swiftly fe;pish off;15757;8535;2026-09-30T01:19:29;2026-09-29T15:29:37
6;kiddingly;painfully of opposite;thoroughly;uproot out;minus rest;fathom;30000;5746;2026-09-29T18:47:40;2026-09-29T15:04:20
7;plus;upright;gadzooks unconscious;shoot wher;around;depot skel;24162;27308;2026-09-30T00:08:09;2026-09-30T03:32:16
8;unbalance;meanwhile gadzooks;useless far-flung flint;the;spring;hence;20478;22394;2026-09-29T21:35:16;2026-09-29T23:53:47
9;till emphasise;zebra colorfully flame;inasmuch;plait meh;what;per woot;30381;6869;2026-09-29T18:16:32;2026-09-29T20:01:59
10;yum victoriously outside;and massive;synergy fat;vainly res;searchingl;mom;25343;847;2026-09-30T05:51:43;2026-09-29T17:02:37
11;round;and boldly;oof;jealously ;intently;cardboard;15856;9446;2026-09-29T18:13:43;2026-09-29T16:37:38
12;if needily;after;tepid;live;neighborin;absent yah;14200;19877;2026-09-30T00:07:21;2026-09-29T12:49:16
13;pity whenever;construe receptor;synthesise often;at;oh oh meh;impeccable;15793;12359;2026-09-30T01:06:02;2026-09-29T22:26:42
14;along unless from;insecure;while shy;possession;stigmatize;out;31386;31516;2026-09-30T06:14:42;2026-09-29T17:22:16
15;excitedly cellar;oof;meanwhile rudely;till prope;putrefy jo;republican;8728;28616;2026-09-29T13:14:25;2026-09-29T17:11:43
16;whoa aw;voluntarily;for;because;legal;cruelly de;3680;5770;2026-09-29T14:58:10;2026-09-30T05:09:54
17;vice suddenly furthermore;around catalyst;instantly;hourly spr;above;unconsciou;10646;8434;2026-09-30T08:29:10;2026-09-30T04:28:03
18;arbitrate unless pish;solder athwart;puzzled for besides;mmm;although c;sturdy;25644;30181;2026-09-29T17:06:05;2026-09-29T21:11:41
19;up barring;unto except spring;poetry bah aha;deeply;vibration;yum fortun;30765;9344;2026-09-30T01:13:35;2026-09-30T04:50:27
20;onto;supposing onto brr;pushy relaunch travel;weary glim;pfft tende;vision con;27710;26987;2026-09-30T01:28:59;2026-09-30T06:15:03
21;cruelly suddenly boyfriend;phooey apropos;account;nor but;as;vague besi;8449;11903;2026-09-30T04:09:43;2026-09-29T15:04:18
22;however daily intervention;near;lobotomise if stale;beep indee;unfurl spr;aw ignoran;18209;21595;2026-09-29T22:30:28;2026-09-29T12:42:59
23;as above;jovially;tasty;unsteady s;redact;naughty ho;17185;19591;2026-09-29T11:53:22;2026-09-29T17:42:03
24;tankful oof although;innocently behind;unripe;oh seagull;mortar to ;intermarry;1936;19239;2026-09-29T11:24:53;2026-09-29T19:08:23
25;marathon vivid;amidst aha throughout;brr whether;for till;commodity ;valentine ;32098;6768;2026-09-29T19:34:03;2026-09-30T08:39:29
26;lighthearted dock;woot mmm;coaxingly present consequently;scrutinise;exhaust ee;beyond by ;32649;16196;2026-09-30T05:41:54;2026-09-30T08:38:06
27;aside;celsius;flint notwithstanding phooey;smart wide;self-confi;below;31644;21524;2026-09-30T02:58:28;2026-09-30T06:36:08
28;smug furthermore guide;sans;lest exempt;truly comm;valentine ;suitcase w;8127;17297;2026-09-29T16:49:07;2026-09-30T04:17:48
29;blindly management;teriyaki;label foretell instead;preclude s;impartial ;rule;10714;11846;2026-09-29T20:10:25;2026-09-29T16:40:24
30;nor unkempt;warped gripper;opera second-hand hourly;so once re;finally pa;at quantif;12650;27449;2026-09-30T02:16:32;2026-09-29T17:19:48
