id;source_id;source_slug;destination_id;destination_slug;object_type
1;13415;ick;30963;whoever which;dual whose
2;12365;boo polite;2535;given energetically;even confirm whose
3;31818;meh whoever;16902;meh;privilege minus
4;23974;awkwardly voluntarily;5144;minty which;after qua
5;27117;reiterate;31734;relaunch;mortise
6;29988;knowingly;29011;deadly;once miserly thoroughly
7;31977;wretched;24234;inside approximate ghost;smoothly
8;11370;scarily beside;6537;whose humidity nicely;huzzah
9;26115;yahoo optimistically afore;3430;internalize emphasise;entice adrenalin
10;32752;likely;6252;lean;quietly boo
11;17701;geez inside underneath;10387;baa scotch expert;sweetly consequently
12;22651;after provided;13118;ick ultimate;malfunction outfit
13;7338;what admired;26879;whether neatly;quinoa
14;21133;left while;12250;triumphantly awesome;evil
15;6358;bootleg;12529;whoa whereas rag;how towards cap
16;22075;daily fondly;15032;ligate;pants yahoo tail
17;239;gloss cosset zowie;23798;before;why loyally disposer
18;21568;flowery delectable questionable;21429;confound neck;dazzling
19;29009;via readmit;27797;outside likely;save
20;29563;spectate above;19260;including amidst;adolescent rule despite
21;18520;swathe gladly;3869;likewise purse helplessly;ugh who
22;28134;continually;5978;colorfully strong alongside;whenever since once
23;27198;afterwards;19216;creative minus tedious;husky seriously retract
24;25719;ascertain lay deficient;11981;trusting ethical for;oxidize pish
25;28163;wildly nab;24781;gown for actually;rotten
26;20191;like faithfully judgementally;22459;within conceptualize;where huzzah
27;2670;fooey rotten;6790;inasmuch slake;whereas label hawk
28;30090;whale ick ack;23056;motor boohoo atop;angrily
29;22865;since microblog;9193;if welcome pfft;very mmm pfft
30;16885;now because sauerkraut;17969;aw deduct anenst;gee subtract
