id;title;slug;content;status;template;menu_order;created_at;updated_at
1;desecrate boldly er;when;../fake-data/blob/hipster.txt;deafening sheepishly;till hm;3574;2026-09-29T16:14:38;2026-09-29T10:38:16
2;afterwards;mid when banish;../fake-data/blob/hipster.txt;sushi embody print;amongst;26783;2026-09-29T16:25:01;2026-09-30T06:16:47
3;demobilise zowie corporation;compassionate cluttered aw;../fake-data/blob/hipster.txt;badly strict;shush disconnection toward;16811;2026-09-30T06:22:33;2026-09-29T18:29:19
4;psst;hence;../fake-data/blob/hipster.txt;yearningly;readily;25288;2026-09-29T16:56:13;2026-09-29T18:47:04
5;till;rapidly lest tattered;../fake-data/blob/hipster.txt;owlishly yearly;woot;14550;2026-09-29T22:35:13;2026-09-29T21:39:21
6;hmph by intermix;spectate ick;../fake-data/blob/hipster.txt;offensively past;indeed co-producer;12890;2026-09-30T06:46:19;2026-09-30T08:17:47
7;ouch livid;that round contravene;../fake-data/blob/hipster.txt;unless;weakly underneath geez;22500;2026-09-29T22:36:19;2026-09-30T03:51:02
8;whoever;belabor;../fake-data/blob/hipster.txt;sedately considering;whereas unto;17673;2026-09-29T13:06:17;2026-09-30T09:11:56
9;jubilantly orchid;christen till hence;../fake-data/blob/hipster.txt;devil;blah gah;31042;2026-09-29T23:46:16;2026-09-30T09:10:10
10;diagram unbearably;ornate;../fake-data/blob/hipster.txt;drag;which anti tough;21837;2026-09-29T11:23:02;2026-09-30T00:36:51
11;fooey thankfully round;negligible;../fake-data/blob/hipster.txt;hopeful;keenly carboxyl amongst;23035;2026-09-30T04:10:22;2026-09-29T21:58:12
12;handful painfully table;incidentally present deed;../fake-data/blob/hipster.txt;belabor;platypus plus;6891;2026-09-30T09:00:19;2026-09-29T22:22:08
13;redevelop;proceed garage although;../fake-data/blob/hipster.txt;after all throughout;hoot;12764;2026-09-29T10:13:02;2026-09-29T18:26:41
14;to;eek phew;../fake-data/blob/hipster.txt;whup pinion commonly;chime before;4173;2026-09-30T03:12:46;2026-09-29T19:16:37
15;repossess blissfully hoick;mechanically afore;../fake-data/blob/hipster.txt;in;ha mostly festival;5123;2026-09-29T15:41:05;2026-09-30T06:57:42
16;failing fellow duh;for instead swiftly;../fake-data/blob/hipster.txt;unfinished carefree;imaginative dark;4480;2026-09-29T18:20:19;2026-09-29T12:12:23
17;iridescence bare mmm;suddenly provided pace;../fake-data/blob/hipster.txt;for an;tender unlawful forenenst;21954;2026-09-29T18:16:25;2026-09-29T16:35:22
18;behind than psst;cross major;../fake-data/blob/hipster.txt;while;fooey meanwhile;15560;2026-09-29T17:30:39;2026-09-30T05:35:51
19;case;vacantly;../fake-data/blob/hipster.txt;minus creator seriou;brr twine;32720;2026-09-29T09:58:46;2026-09-30T07:10:00
20;apud;seafood;../fake-data/blob/hipster.txt;fooey hover blah;outlandish behind;29646;2026-09-30T09:40:42;2026-09-29T10:27:57
21;snoop;briskly lobotomise;../fake-data/blob/hipster.txt;silently urgently;underneath triumphantly;15414;2026-09-29T16:20:21;2026-09-29T21:35:05
22;supposing athwart;legislature carouse;../fake-data/blob/hipster.txt;adjudge adaptation i;after excited;20134;2026-09-30T05:56:50;2026-09-30T05:39:10
23;hopeful because whoa;mutate what;../fake-data/blob/hipster.txt;across;broadly aboard apprehensive;4785;2026-09-29T12:47:05;2026-09-29T22:37:41
24;madly wearily;proselytise competent;../fake-data/blob/hipster.txt;ugh;whoever psst;18422;2026-09-30T03:11:56;2026-09-30T08:19:15
25;dispose refine;modulo quarrelsomely converse;../fake-data/blob/hipster.txt;hmph courtroom impor;nor atop notwithstanding;13037;2026-09-29T13:16:40;2026-09-29T16:10:45
26;responsibility gah detain;seemingly hammock ugh;../fake-data/blob/hipster.txt;bathrobe;whose zowie gorgeous;2535;2026-09-30T02:52:41;2026-09-29T14:40:45
27;gosh;snuggle priesthood unscramble;../fake-data/blob/hipster.txt;agitated;soap usefully frivolous;23402;2026-09-30T05:58:46;2026-09-29T14:08:27
28;courageously till excitedly;pillow;../fake-data/blob/hipster.txt;iridescence well-mad;first arrange;31799;2026-09-30T02:16:34;2026-09-29T20:20:43
29;bah;circumference;../fake-data/blob/hipster.txt;incidentally;which smoggy circa;6458;2026-09-30T00:43:56;2026-09-29T15:27:43
30;joyfully;settler elver decent;../fake-data/blob/hipster.txt;beneath yahoo within;fooey yippee wonderfully;3002;2026-09-29T23:27:54;2026-09-30T00:27:48
