id;wp_term_id;name;slug
1;13236;hmph;quadruple queasily
2;23697;perfectly bench printer;pace with
3;23768;reluctantly outrank;outlaw without fooey
4;14806;cannibalise;duh pantyhose
5;9397;alongside qua strictly;coolly riser creaking
6;21415;disarm mutate hydrolyse;qua if uh-huh
7;24632;geez fuel deselect;expatiate forecast
8;2150;defensive;pish
9;31953;obedient till male;tomorrow
10;32161;trash ha;chow
11;32413;iterate really;so
12;3149;how knottily key;tarragon
13;1277;pish yeast;pish live
14;12508;partially replicate meanwhile;frankly
15;18406;geez until vestment;aggravating
16;20058;powerful zowie mmm;cricket easily pish
17;27671;valiantly;foretell critical times
18;16967;gee duh unto;around which
19;15753;secularize whoa;for
20;12554;ah which brightly;hastily qua
21;29901;buttery;lyre
22;29309;upbeat;barring yowza
23;16242;gadzooks rejoin;vibration
24;20514;wonderfully unnaturally even;some glider bewail
25;16435;subdued unnecessarily bowed;lieu
26;13563;into via snowplow;ah sham
27;25746;fragrant;huzzah
28;17093;whoa though crowded;for corny sell
29;26621;outside enroll instead;rightfully gee yellow
30;29553;orange;failing
